{"cameraMode":{"drawMode":0,"name":"Shaded","section":"Shading Mode"},"sceneLighting":true,"audioPlay":false,"sceneViewState":{"m_AlwaysRefresh":true,"showFog":true,"showSkybox":false,"showFlares":false,"showImageEffects":true,"showParticleSystems":true,"showVisualEffectGraphs":true,"m_FxEnabled":true},"in2DMode":false,"pivot":{"x":2.4479055404663088,"y":1.1517926454544068,"z":2.043750286102295},"rotation":{"x":0.2725505828857422,"y":0.023839736357331277,"z":-0.005087804980576038,"w":0.961847722530365},"size":1.170667290687561,"orthographic":false}